{
  "n_traces": 13565,
  "n_pairs": 200,
  "threshold": 0.5,
  "precision": 0.5029940119760479,
  "recall": 0.84,
  "f1": 0.6292134831460674,
  "tp": 84,
  "fp": 83,
  "fn": 16,
  "tn": 17
}