{
  "n_traces": 13565,
  "per_cve": {
    "CVE-2022-30790": {
      "f1": 0.5882352941176471,
      "precision": 0.4838709677419355,
      "recall": 0.75,
      "n_pairs": 40
    }
  }
}